AF INVEST CRI FDO. INV. IMOB – RECEBÍVEIS IMOB.;FII AFHI CRI;;AFHI;
AF INVEST FDO INV. IMOB. - RECEBÍVEIS IMOB.;FII AFINVCR;;AFCR;
ALIANZA FOF FUNDO DE INVESTIMENTO IMOBILIÁRIO;FII ALIANZFF;;AFOF;
ALIANZA TRUST RENDA IMOBILIARIA FDO INV IMOB;FII ALIANZA;;ALZR;
AQ3 RENDA FDO INV IMOB - FII;FII AQUIL RD;MB;ARFI;
ÁQUILLA FDO INV IMOB - FII;FII AQUILLA;;AQLL;
AUTONOMY EDIFÍCIOS CORPORATIVOS FUND. INV. IMOB.;FII AUTONOMY;;AIEC;
BANESTES RECEBÍVEIS IMOBILIÁRIOS FDO INV IMOB  FII;FII BEES CRI;;BCRI;
BANRISUL NOVAS FRONTEIRAS FDO INV IMOB - FII;FII BANRISUL;;BNFS;
BB FDO INV IMOB PROGRESSIVO;FII BB PROGR;MB;BBFI;
BB FUNDO DE FUNDOS - FDO. INV. IMOB.;FII BB FOF;;BBFO;
BB PROGRESSIVO II FDO INV IMOB - FII;FII BB PRGII;;BBPO;
BB RECEBIVEIS IMOBILIARIOS FDO INV IMOB - FII;FII BB RECIM;;BBIM;
BB RENDA CORPORATIVA FDO INV IMOB - FII;FII BB CORP;;BBRC;
BB RENDA DE PAPEIS IMOB II FDO INV IMOB - FII;FII BB PAPII;;RDPD;
BB RENDA DE PAPÉIS IMOBILIÁRIOS FDO INV IMOB - FII;FII BB R PAP;;RNDP;
BLUECAP RENDA LOG. FDO INV. IMOB. - FII;FII BLUECAP;;BLCP;
BLUEMACAW CRÉDITO IMOBILIÁRIO - FDO. INV. IMOB.;FII BLUE CRI;;BLMC;
BLUEMACAW LOGÍSTICA FDO. INVEST. IMOB.;FII BLUE LOG;;BLMG;
BLUEMACAW OFFICE FUND II - FDO. INVEST. IMOB.;FII BLUEMAC;;BLMO;
BLUEMACAW RENDA + FOF FDO. INVEST. IMOB.;FII BLUE FOF;;BLMR;
BRADESCO CARTEIRA IMOBILIÁRIA ATIVA - FII;FII BCIA;;BCIA;
BRAZIL REAL ESTATE VICTORY FUND I - FDO. INV. IMOB;FII BRE VIC;;BREV;
BRAZIL REALTY FDO INV IMOB;FII BRREALTY;;BZLI;
BRAZILIAN GRAVEYARD DEATH CARE FDO INV IMOB - FII;FII DEA CARE;;CARE;
BRESCO LOGÍSTICA - FDO INV IMOB;FII BRESCO;;BRCO;
BRIO CRÉDITO ESTRUTURADO - FDO. INVEST. IMOB.;FII BRIO CRE;;BICE;
BRIO REAL ESTATE II - FDO INV IMOB;FII BRIO II;;BRIM;
BRIO REAL ESTATE III FDO DE INVEST. IMOB.;FII BRIO III;;BRIP;
BTG PACTUAL LOGISTICA FDO INV IMOB - FII;FII BTLG;;BTLG;
BTOWERS FII - FUNDO DE INVESTIMENTO IMOBILIÁRIO;FII BTOWERS;;BTWR;
BTSP I FDO. INVEST. IMOB - FII;FII BTSP I;;BTSG;
CAIXA RIO BRAVO FDO DE FDOS INV IMOB II;FII CX RBRA2;;CRFF;
CAIXA RIO BRAVO FUNDO DE FDO INV IMOB - FII;FII CX RBRAV;;CXRI;
CAPITÂNIA REIT FOF - FDO. INVEST. IMOB;FII CAP REIT;;CPFF;
CAPITANIA SECURITIES II FDO INV IMOB - FII;FII CAPI SEC;;CPTS;
CASTELLO BRANCO OFFICE PARK FDO INV IMOB - FII;FII C BRANCO;;CBOP;
CF2 FUNDO DE INVESTIMENTO IMOBILIÁRIO;FII CF2;;CFHI;
CIDADE JARDIM CONTINENAL TOWER FDO INV IMOB;FII CJCTOWER;;CJCT;
CORE METROPOLIS FUNDO DE INVESTIMENTO IMOBILIÁRIO;FII CORE MET;;CORM;
CSHG IMOB. FOF - FDO INV. IMOB. - FII;FII CSHG FOF;;HGFF;
CSHG LOGÍSTICA FDO INV IMOB - FII;FII CSHG LOG;;HGLG;
CSHG PRIME OFFICES FDO INV IMOB - FII;FII CSHGPRIM;;HGPO;
CSHG REAL ESTATE FDO INV IMOB - FII;FII HG REAL;;HGRE;
CSHG RECEBÍVEIS IMOBILIÁRIOS FDO INV IMOB - FII;FII CSHG CRI;;HGCR;
CSHG RENDA URBANA - FDO INV IMOB - FII;FII CSHG URB;;HGRU;
DEL MONTE AJAX FDO INV IMOB - FII;FII DEL MONT;;DLMT;
DEVANT RECEBÍVEIS IMOBILIÁRIOS FDO. INVEST. IMOB.;FII DEVANT;;DEVA;
DIAMANTE FDO INV IMOB;FII DIAMANTE;MB;DAMT;
DOVEL FDO INV IMOB;FII DOVEL;MB;DOVL;
ENERGY RESORT FDO. INVEST. IMOB.;FII ENERGY;;EGYR;
ESTOQUE RESIDENCIAL E COMERCIAL RJ FDO INV IMOB;FII ESTOQ RJ;;ERCR;
EUROPA 105 - FDO INV IMOB;FII EUROPA;;ERPA;
EVEN II KINEA FUNDO DE INVESTIMENTO IMOBILIÁRIO;FII EVEN II;;KEVE;
EVEN PERMUTA KINEA FII - FDO INV IMOB;FII EV KINEA;;KINP;
FARIA LIMA CAPITAL RECEB. IMOB. I - FDO INV. IMOB.;FII FL RECEB;;FLCR;
FATOR VERITA FDO INV IMOB - FII;FII FATOR VE;;VRTA;
FDO BRASÍLIO MACHADO DE INVESTIMENTO IMOBILIÁRIO;FII BRASILIO;;BMII;
FDO INV IMOB - BTG PACTUAL CREDITO IMOBILIARIO;FII BTG CRI;;BTCR;
FDO INV IMOB - BTG PACTUAL METROPOLIS;FII MTRS;;MTRS;
FDO INV IMOB - FII ANCAR IC;FII ANCAR IC;MB;ANCR;
FDO INV IMOB - FII ANHANGUERA EDUCACIONAL;FII ANH EDUC;;FAED;
FDO INV IMOB - FII BM BRASCAN LAJES CORPORATIVAS;FII BMBRC LC;;BMLC;
FDO INV IMOB - FII BRLPROP;FII BRLPROP;;BPRP;
FDO INV IMOB - FII BTG PACTUAL CORP. OFFICE FUND;FII BC FUND;;BRCR;
FDO INV IMOB - FII BTG PACTUAL FUNDO DE CRI;FII EXCELLEN;;FEXC;
FDO INV IMOB - FII BTG PACTUAL FUNDO DE FUNDOS;FII BC FFII;;BCFF;
FDO INV IMOB - FII CAMPUS FARIA LIMA;FII CAMPUSFL;;FCFL;
FDO INV IMOB - FII CENESP;FII CENESP;;CNES;
FDO INV IMOB - FII CEO CYRELA COMMERC. PROPERTIES;FII CEO CCP;;CEOC;
FDO INV IMOB - FII CYRELA THERA CORPORATE;FII BM THERA;;THRA;
FDO INV IMOB - FII EDIFÍCIO ALMIRANTE BARROSO;FII ALMIRANT;MB;FAMB;
FDO INV IMOB - FII EDIFÍCIO GALERIA;FII GALERIA;;EDGA;
FDO INV IMOB - FII ELDORADO;FII ELDORADO;MB;ELDO;
FDO INV IMOB - FII FLORIPA SHOPPING;FII FLORIPA;;FLRP;
FDO INV IMOB - FII HOSPITAL DA CRIANÇA;FII CRIANCA;;HCRI;
FDO INV IMOB - FII HOSPITAL NOSSA SRA DE LOURDES;FII LOURDES;;NSLU;
FDO INV IMOB - FII HOTEL MAXINVEST;FII HOTEL MX;;HTMX;
FDO INV IMOB - FII MAX RETAIL;FII MAX RET;;MAXR;
FDO INV IMOB - FII NCH BRASIL RECEBÍVEIS IMOB;FII NCH BRA;;NCHB;
FDO INV IMOB - FII NOVO HORIZONTE;FII NOVOHORI;;NVHO;
FDO INV IMOB - FII PARQUE D. PEDRO SHOPPING CENTER;FII D PEDRO;;PQDP;
FDO INV IMOB - FII PATEO BANDEIRANTES;FII PTO BAND;;PATB;
FDO INV IMOB - FII RBR DESENVOLVIMENTO;FII RBR DES;;RBRM;
FDO INV IMOB - FII RBR RENDIMENTO HIGH GRADE;FII RBRHGRAD;;RBRR;
FDO INV IMOB - FII REC RECEBIVEIS IMOBILIARIOS;FII REC RECE;;RECR;
FDO INV IMOB - FII REC RENDA IMOBILIARIA;FII REC REND;;RECT;
FDO INV IMOB - FII SHOPPING JARDIM SUL;FII SHOPJSUL;;JRDM;
FDO INV IMOB - FII SHOPPING PARQUE D. PEDRO;FII SHOP PDP;MB;SHDP;
FDO INV IMOB - FII SIA CORPORATE;FII SIA CORP;MB;SAIC;
FDO INV IMOB - FII TB OFFICE;FII TBOFFICE;;TBOF;
FDO INV IMOB - FII TORRE ALMIRANTE;FII TORRE AL;;ALMI;
FDO INV IMOB - FII TORRE NORTE;FII TORRE NO;;TRNT;
FDO INV IMOB - FII VILA OLÍMPIA CORPORATE;FII OLIMPIA;;VLOL;
FDO INV IMOB - OURINVEST FUNDO DE FUNDOS;FII OURI FOF;;OUFF;
FDO INV IMOB - OURINVEST RE I;FII WTC SP;MB;WTSP;
FDO INV IMOB - REC HOTELARIA;FII REC HTL;;RECH;
FDO INV IMOB - V2 PROPERTIES;FII V2 PROP;;VVPR;
FDO INV IMOB - VBI LOGÍSTICO;FII VBI LOG;;LVBI;
FDO INV IMOB BARIGUI RENDIMENTOS IMOB I FII;FII BARIGUI;;BARI;
FDO INV IMOB BR HOTEIS - FII;FII BRHOTEIS;MB;BRHT;
FDO INV IMOB BRASIL PLURAL ABSOLUTO FDO DE FUNDOS;FII ABSOLUTO;;BPFF;
FDO INV IMOB BRASIL VAREJO - FII;FII B VAREJO;;BVAR;
FDO INV IMOB BTG PACTUAL SHOPPINGS;FII BTG SHOP;;BPML;
FDO INV IMOB CAIXA CEDAE;FII CX CEDAE;MB;CXCE;
FDO INV IMOB CAIXA TRX LOGÍSTICA RENDA;FII CX TRX;;CXTL;
FDO INV IMOB CENTRO TEXTIL INTERNACIONAL;FII C TEXTIL;;CTXT;
FDO INV IMOB CJ - FII;FII CJ;;CJFI;
FDO INV IMOB CONTINENTAL SQUARE FARIA LIMA;FII S F LIMA;;FLMA;
FDO INV IMOB EDIFÍCIO OURINVEST;FII OURINVES;MB;EDFO;
FDO INV IMOB EUROPAR;FII EUROPAR;;EURO;
FDO INV IMOB GENERAL SEVERIANO - FII;FII GEN SEV;MB;GESE;
FDO INV IMOB GRAND PLAZA SHOPPING;FII ABC IMOB;;ABCP;
FDO INV IMOB GREEN TOWERS;FII G TOWERS;;GTWR;
FDO INV IMOB HABITAT I;FII HABITAT;;HBTT;
FDO INV IMOB HOSPITAL UNIMED SUL CAPIXABA;FII H UNIMED;;HUSC;
FDO INV IMOB INDUSTRIAL DO BRASIL;FII INDL BR;;FIIB;
FDO INV IMOB INFRA REAL ESTATE - FII;FII INFRA RE;;FINF;
FDO INV IMOB MEMORIAL OFFICE;FII MEMORIAL;;FMOF;
FDO INV IMOB MERCANTIL DO BRASIL - FII;FII MERC BR;;MBRF;
FDO INV IMOB MOGNO FUNDO DE FUNDOS;FII MOGNO;;MGFF;
FDO INV IMOB MV9 - FII;FII MV9;;MVFI;
FDO INV IMOB NESTPAR - FII;FII NESTPAR;;NPAR;
FDO INV IMOB OURINVEST LOGÍSTICA;FII OURILOG;;OULG;
FDO INV IMOB PANAMBY;FII PANAMBY;;PABY;
FDO INV IMOB PEDRA NEGRA RENDA IMOB;FII P NEGRA;;FPNG;
FDO INV IMOB POLO ESTOQUE II - FII;FII POLO II;;ESTQ;
FDO INV IMOB POLO SHOPPING INDAIATUBA;FII POLO SHO;;VPSI;
FDO INV IMOB PROJETO ÁGUA BRANCA;FII A BRANCA;;FPAB;
FDO INV IMOB RBR CREDITO IMOB ESTRUTURADO;FII RBR PCRI;;RBRY;
FDO INV IMOB RBR PROPERTIES - FII;FII RBR PROP;;RBRP;
FDO INV IMOB RIO BRAVO RENDA CORPORATIVA;FII RIOB RC;;RCRB;
FDO INV IMOB RIO BRAVO RENDA EDUCACIONAL - FII;FII RIOB ED;;RBED;
FDO INV IMOB RIO BRAVO RENDA VAREJO - FII;FII RIOB VA;;RBVA;
FDO INV IMOB RIO NEGRO - FII;FII RIONEGRO;;RNGO;
FDO INV IMOB SÃO FERNANDO;FII SAO FER;;SFND;
FDO INV IMOB SC 401;FII SC 401;;FISC;
FDO INV IMOB SCP;FII SCP;;SCPF;
FDO INV IMOB SDI RIO BRAVO RENDA LOGISTICA - FII;FII SDI LOG;;SDIL;
FDO INV IMOB SHOPPING PÁTIO HIGIENÓPOLIS;FII HIGIENOP;;SHPH;
FDO INV IMOB TG ATIVO REAL;FII TG ATIVO;;TGAR;
FDO INV IMOB THE ONE;FII THE ONE;;ONEF;
FDO INV IMOB TOURMALET I;FII TOURMALE;;TORM;
FDO INV IMOB TOURMALET II;FII TOUR II;;TOUR;
FDO INV IMOB VEREDA - FII;FII VEREDA;;VERE;
FDO INV IMOB VIA PARQUE SHOPPING - FII;FII V PARQUE;;FVPQ;
FDO INV IMOB VIDA NOVA - FII;FII VIDANOVA;;FIVN;
FDO INV IMOB VOTORANTIM LOGISTICA;FII VOT LOG;;VTLT;
FDO INV IMOB VOTORANTIM SECURITIES;FII VOT SEC;;VSEC;
FDO INV IMOB VOTORANTIM SHOPPING;FII VOT SHOP;;VSHO;
FDO INV. IMOB. FOF INTEGRAL BREI;FII FOF BREI;;IBFF;
FDO INV. IMOB. PLURAL RECEBIVEIS;FII PLURAL R;;PLCR;
FDO INV. IMOB. PLUS;FII PLUS;;VTPL;
FDO INV. IMOB. REC LOGISTICA;FII REC LOG;;RELG;
FDO INV. IMOB. VBI CRI;FII VBI CRI;;CVBI;
FDO INV. MAUA CAPITAL RECEBIVEIS IMOB. - FII;FII MAUA;;MCCI;
FDO INVEST IMOB GRAND PLAZA MALL;FII GRPLMALL;;FGPM;
FDO. DE INV. IMOB. VOTORANTIM SECURITIES III;FII VOT SIII;;VTRT;
FDO. INV. IMOB. A–TOWN;FII A TOWN;;ATWN;
FDO. INV. IMOB. ÁTRIO REIT RECEBÍVEIS IMOBILIÁRIOS;FII ATRIO;;ARRI;
FDO. INV. IMOB. BTG PACTUAL AGRO LOGÍSTICA;FII BTG AGRO;;BTAL;
FDO. INV. IMOB. CAIXA IMÓVEIS CORPORATIVOS;FII CEF CORP;;CXCO;
FDO. INV. IMOB. HOUSI;FII HOUSI;;HOSI;
FDO. INV. IMOB. MOGNO HOTEIS;FII MOGNO HT;;MGHT;
FDO. INV. IMOB. REC FUNDO DE FUNDOS;FII REC FOF;;RECX;
FDO. INV. IMOB. VBI PRIME PROPERTIES;FII VBI PRI;;PVBI;
FDO. INVEST. IMOB. MOGNO CRI HIGH GRADE;FII MOGNO HG;;MGCR;
FDO. INVEST. IMOB. RB CAPITAL I FUNDO DE FUNDOS;FII RB CFOF;;RFOF;
FDO. INVEST. IMOB. TOURMALET V - ED. CIDADE NOVA;FII TOUR V;;TCIN;
FDO. INVEST. IMOB. VOTORANTIM PATRIMONIAL V;FII VOTP V;;VTPA;
FDO. INVEST. IMOB. VOTORANTIM PATRIMONIAL XII;FII VOTP XII;;VTXI;
FDO.INVEST. IMOB. MULTI RENDA URBANA;FII MULT REN;;HBRH;
FII IRIDIUM RECEBÍVEIS IMOBILIÁRIOS;FII IRIDIUM;;IRDM;
FRAM CAPITAL SBCLOG FDO. INV. IMOB.;FII SBCLOG;;SBCL;
FUND. INVEST. IMOB. SUCCESPAR VAREJO;FII S VAREJO;;SPVJ;
FUNDO DE FDO INV IMOB KINEA FII;FII KINEAFOF;;KFOF;
FUNDO DE INVEST IMOB OURINVEST RENDA ESTRUTURADA;FII OU RENDA;;OURE;
FUNDO DE INVESTIMENTO IMOBILIÁRIO – DEVELOPMENT V1;FII DEV ONE;;LKDV;
FUNDO DE INVESTIMENTO IMOBILIÁRIO ATHENA I;FII ATHENA I;;FATN;
FUNDO DE INVESTIMENTO IMOBILIÁRIO BRL PROP II;FII BRLPROII;;BRLA;
FUNDO DE INVESTIMENTO IMOBILIÁRIO HBC RENDA URBANA;FII HBC REN;;HBCR;
FUNDO DE INVESTIMENTO IMOBILIÁRIO MINT EDUCACIONAL;FII MINT EDU;;MINT;
FUNDO DE INVESTIMENTO IMOBILIÁRIO RIZA TERRAX;FII RIZA TX;;RZTR;
GALAPAGOS FDO DE FDO - FII FDO INV. IMOB.;FII GALAPAGO;;GCFF;
GALAPAGOS RECEBÍVEIS IMOBILIÁRIOS - FDO. INV. IMOB;FII GLPG CRI;;GCRI;
GENERAL SHOP E OUTLETS DO BRASIL FDO INV IMOB - FI;FII GENERAL;;GSFI;
GENERAL SHOPPING ATIVO E RENDA FUNDO DE INV, IMOB.;FII GEN SHOP;;FIGS;
GGR COVEPI RENDA FDO INV IMOB;FII GGRCOVEP;;GGRC;
GR LOUVEIRA FDO DE INV IMOB - FII;FII LOUVEIRA;;GRLV;
GRUPO RCFA FDO INV IMOB;FII GP RCFA;;RCFA;
GUARDIAN LOGISTICA FDO. INVEST. IMOB.;FII GUARDIAN;;GALG;
HABITAT II - FDO INV IMOB;FII HABIT II;;HABT;
HAZ FDO INV IMOB - FII;FII HAZ;;ATCR;
HECTARE CE - FDO INV IMOB;FII HECTARE;;HCTR;
HECTARE DESENV. STUDENT HOUSING – FDO. INV. IMOB.;FII HECT DES;;HCST;
HECTARE RECEBÍVEIS HIGH GRADE FDO. INV. IMOB.;FII HECT CRI;;HCHG;
HEDGE AAA FDO. INV. IMOB.;FII HEDGEAAA;;HAAA;
HEDGE ATRIUM SHOPPING SANTO ANDRE FDO INV IMOB;FII HATRIUM;;ATSA;
HEDGE BRASIL SHOPPING FDO INV IMOB;FII HEDGEBS;;HGBS;
HEDGE LOGÍSTICA FDO. INV. IMOB.;FII HEDGELOG;;HLOG;
HEDGE REALTY DEVELOPMENT FDO INV IMOB;FII HREALTY;;HRDF;
HEDGE RECEBIVEIS IMOB. FUNDO DE INVST. IMOB.;FII HEDGEREC;;HREC;
HEDGE SHOPPING PARQUE DOM PEDRO FDO. DE INV. IMOB.;FII HEDGE RE;;HPDP;
HEDGE SHOPPING PRAÇA DA MOÇA FDO INV IMOB;FII HEDMOCA;;HMOC;
HEDGE TOP FOFII 3 FDO INV IMOB;FII HTOPFOF3;;HFOF;
HGI CRÉDITOS IMOBILIÁRIOS FDO. INV. IMOB.;FII HGI CRI;;HGIC;
HSI ATIVOS FINANCEIROS FUNDO DE INVESTIMENTO IMOBI;FII HSI CRI;;HSAF;
HSI LOGÍSTICA FUNDO DE INVESTIMENTO IMOBILIÁRIO;FII HSI LOG;;HSLG;
HSI MALL FDO INV IMOB;FII HSI MALL;;HSML;
HSI RENDA IMOB FDO INV IMOB;FII HSIRENDA;;HSRE;
HUSI FDO INV. IMOB.;FII HUSI;;HUSI;
IFI-D FUNDO DE INVESTIMENTO IMOBILIARIO - FII;FII IFI-D;;IFID;
IFI-E FUNDO DE INVESTIMENTO IMOBILIARIO - FII;FII IFI-E;;IFIE;
INTER TÍTULOS IMOB. FDO INV. IMOB.;FII INTER;;BICR;
JBFO FOF FDO INV. IMOB.;FII JBFO FOF;;JBFO;
JFL LIVING FDO. INV. IMOB.;FII JFL LIV;;JFLL;
JHSF RIO BRAVO FAZENDA BOA VISTA CAP. PROT. - FII;FII JHSF FBV;;RBBV;
JPP ALLOCATION MOGNO - FDO INV IMOB;FII JPPMOGNO;;JPPA;
JPP CAPITAL FDO INV IMOB - FII;FII JPP CAPI;;JPPC;
JS REAL ESTATE MULTIGESTÃO - FII;FII JS REAL;;JSRE;
JT PREV FDO INV IMOB DESENVOLVIMENTO HABITACIONAL;FII JT PREV;;JTPR;
KILIMA FIC FDO. IMOB. SUNO 30;FII KILIMA;;KISU;
KINEA HIGH YIELD CRI FDO INV IMOB - FII;FII KINEA HY;;KNHY;
KINEA II REAL ESTATE EQUITY FDO INV IMOB;FII KII REAL;;KNRE;
KINEA ÍNDICES DE PREÇOS FDO INV IMOB - FII;FII KINEA IP;;KNIP;
KINEA RENDA IMOBILIÁRIA FDO INV IMOB - FII;FII KINEA;;KNRI;
KINEA RENDIMENTOS IMOBILIÁRIOS FDO INV IMOB - FII;FII KINEA RI;;KNCR;
KINEA SECURITIES FDO. DE INV. IMOB. - FII;FII KINEA SC;;KNSC;
LATERES FDO INV IMOB - FII;FII LATERES;MB;LATR;
LEGATUS SHOPPINGS FDO. INV. IMOB. - FII;FII LEGATUS;;LASC;
LESTE RIVA EQUITY PREFERENCIAL I FDO. INV. IMOB.;FII LESTE PA;;LSPA;
LOFT I - FDO INV IMOB;FII LOFT I;MB;LOFT;
LOFT II FUNDO DE INVESTIMENTO IMOBILIÁRIO;FII LOFT II;;LFTT;
LOGCP INTER FDO INV IMOB;FII LGCP INT;;LGCP;
LUGGO FDO. INV. IMOB.;FII LUGGO;;LUGG;
MAC FDO INV IMOB;FII MAC;;DMAC;
MALLS BRASIL PLURAL FDO INV IMOB;FII MALLS BP;;MALL;
MAUÁ CAPITAL DESENV I FDO INV. IMOB.;FII MAUA DES;;MADS;
MAUÁ CAPITAL FOF – FDO. INVEST. IMOB.;FII MAUA FOF;;MCFF;
MAXI RENDA FDO INV IMOB - FII;FII MAXI REN;;MXRF;
MÉRITO DESENVOLVIMENTO IMOBILIÁRIO I FII - FII;FII MERITO I;;MFII;
MERITO FDO. AÇÕES IMOB. FII - FDO INV. IMOB.;FII MERITOFA;;MFAI;
MOGNO LOGÍSTICA FUNDO DE INVESTIMENTO IMOBILIÁRIO;FII MOGNO LG;;MGCO;
MORE REAL ESTATE FOF FII FDO. INV. IMOB.;FII MORE RE;;MORE;
MULTI PROPERTIES FDO INV IMOB - FII;FII MULTPROP;;PRTS;
MULTI SHOPPINGS FDO INV IMOB - FII;FII MULTSHOP;;SHOP;
MULTIGESTÃO RENDA COMERCIAL FDO INV IMOB - FII;FII MTGESTAO;MB;DRIT;
MULTIOFFICES 1 – FDO. INV. IMOB;FII MULT OF1;;MTOF;
MULTIOFFICES 2 - FDO. INV. IMOB.;FII MULT OF2;;MOFF;
NAVI IMOBILIÁRIO TOTAL RETURN FDO. INVEST. IMOB.;FII NAVI TOT;;NAVT;
NEWPORT LOGÍSTICA FDO INV. IMOB.;FII NEWPORT;;NEWL;
NEWPORT RENDA URBANA FDO INV IMOB;FII NEWRU;;NEWU;
NOVA I - FDO INV IMOB - FII;FII NOVA I;MB;NVIF;
OPPORTUNITY FDO INV IMOB;FII OPPORTUN;MB;FTCE;
OURINVEST JPP FDO INV IMOB - FII;FII OURI JPP;;OUJP;
OURO VERDE DESENV IMOB I FDO INV IMOB - FII;FII OURO PRT;;ORPD;
PANORAMA DESENVOLVIMENTO LOGÍSTICO FDO. INV. IMOB.;FII PANORAMA;;PNDL;
PANORAMA PROPERTIES FDO. INVEST. IMOB.;FII PAN PROP;;PNPR;
PARKING PARTNERS FDO. INVEST. IMOB.;FII PARK PAR;;VTVI;
PARQUE ANHANGUERA FDO. INVEST. IMOB.;FII PARQ ANH;;PQAG;
PÁTRIA EDIFÍCIOS CORPORATIVOS FDO INV IMOB - FII;FII PATRIA;;PATC;
PÁTRIA LOGÍSTICA FUNDO DE INVESTIMENTO IMOBILIÁRIO;FII PATR LOG;;PATL;
PERSONALE I FDO INV IMOB - FII;FII PERSONAL;MB;PRSN;
PLURAL LOGÍSTICA FDO. INV. IMOB.;FII PLURAL L;;PLOG;
POLO FDO INV IMOB - FII RECEBÍVEIS IMOBILIÁRIOS I;FII POLO I;;PLRI;
POLO FDO INV IMOB - RECEBÍVEIS IMOB II - FII;FII POLO CRI;;PORD;
PRESIDENTE VARGAS FDO INV IMOB;FII P VARGAS;;PRSV;
PROLOGIS BRAZIL LOGISTICS VENTURE FDO INV IMOB;FII PROLOGIS;;PBLV;
QUASAR AGRO - FDO INV. IMOB.;FII QUASAR A;;QAGR;
QUASAR CRÉDITO IMOBILIÁRIO FDO. INV. IMOB.;FII QUASAR C;;QAMI;
QUATA IMOB FUNDO DE FUNDOS - FDO. INV. IMOB.;FII QUATA;;QIFF;
RB CAPITAL DESENV RESID III FDO INV IMOB - FII;FII RBRESID3;;RSPD;
RB CAPITAL DESENV. RESID. II FDO INV IMOB - FII;FII RBRESID2;;RBDS;
RB CAPITAL DESENV. RESIDENCIAL IV FDO. INV. IMOB.;FII RBRES IV;;RBIR;
RB CAPITAL GENERAL SHOP SULACAP FDO INV IMOB - FII;FII RB GSB I;;RBGS;
RB CAPITAL LOGÍSTICO FDO. INV. IMOB.ye;FII RBCAP LG;;RBLG;
RB CAPITAL OFFICE INCOME FDO INV. IMOB.;FII R INCOME;;RBCO;
RB CAPITAL RECEBÍVEIS IMOB. FDO. INVEST. IMOB FII;FII RBCAP RI;;RRCI;
RB CAPITAL RENDA I FDO INV IMOB - FII;FII RB CAP I;MB;FIIP;
RB CAPITAL RENDA II FDO INV IMOB - FII;FII RB II;;RBRD;
RB CAPITAL RENDA URBANA FDO. DE INVEST. IMOB;FII RB REN;;RBRU;
RB CAPITAL RENDIMENTOS IMOB FDO INV IMOB - FII;FII RB CRI;MB;RCRI;
RB CAPITAL TFO SITUS FDO INV IMOB - FII;FII RB TFO;;RBTS;
RBR ALPHA MULTIESTRATÉGIA REAL ESTATE FDO INV IMOB;FII RBRALPHA;;RBRF;
RBR DESENV COMERCIAL FEEDER FOF FDO INVEST IMOB;FII RBR FEED;;RCFF;
RBR LOG FUNDO DE INVESTIMENTO IMOBILIÁRIO;FII RBR LOG;;RBRL;
REAG MULTI ATIVOS IMOBILIÁRIOS - FII;FII REAGMULT;;RMAI;
RIO BRAVO CRÉDITO IMOB IV FDO INV IMOB - FII;FII RBCRI IV;;RBIV;
RIO BRAVO CRÉDITO IMOB. HIGH YIELD FDO. INV. IMOB.;FII RB YIELD;;RBHY;
RIO BRAVO CRÉDITO IMOBILIÁRIO II FDO INV IMOB -FII;FII RIOBCRI2;;RBVO;
RIO BRAVO FUNDO DE FUNDOS DE INVESTIMENTO IMOB;FII RIOB FF;;RBFF;
RIO BRAVO RENDA RESIDENCIAL FDO. INVEST. IMOB.;FII RIOB RR;;RBRS;
RIZA AKIN FDO. INV. IMOB. FII;FII RIZA AKN;;RZAK;
RIZA ARCTIUM REAL ESTATE FDO INV IMOB;FII ARCTIUM;;ARCT;
SANTANDER PAPEIS IMOB CDI FDO INV IMOB;FII SANT PAP;;SADI;
SANTANDER RENDA DE ALUGUÉIS FDO. INVEST. IMOB.;FII SANT REN;;SARE;
SAO DOMINGOS FDO INV IMOB - FII;FII DOMINGOS;;FISD;
SEQUOIA III RENDA IMOBILIÁRIA – FDO. INV. IMOB.;FII SEQUOIA;;SEQR;
SHOPPING WEST PLAZA FDO INV IMOB;FII W PLAZA;;WPLZ;
SJ AU LOGÍSTICA FDO. INV. IMOB.;FII SJ AU;;SJAU;
SOCOPA FDO INV IMOB - FII;FII REIT RIV;;REIT;
SOLARIUM FII - FDO INV. IMOB.;FII SOLARIUM;;SOLR;
SP DOWNTOWN FDO INV IMOB - FII;FII SP DOWNT;;SPTW;
SPA FDO INV IMOB - FII;FII SPA;;SPAF;
STARX FDO INV IMOB - FII;FII STARX;;STRX;
TELLUS DESENVOLVIMENTO LOGÍSTICO FDO. INVEST. IMOB;FII TELLUS;;TELD;
TELLUS PROPERTIES - FDO INV. IMOB;FII TEL PROP;;TEPP;
TISHMAN SPEYER RENDA CORPORATIVA FDO. INV. IMOB.;FII TISHMAN;;TSER;
TORDESILHAS EI FDO. INV. IMOB.;FII TORDE EI;;TORD;
TRANSINC FDO INV IMOB - FII;FII TRANSINC;;TSNC;
TREECORP REAL ESTATE FDO INV IMOB - I;FII TREECORP;;TCPF;
TRX EDIFÍCIOS CORPORATIVOS FDO INV IMOB - FII;FII TRXE COR;;XTED;
TRX REAL ESTATE FDO. INV. IMOB. - FII;FII TRX REAL;;TRXF;
TRX REAL ESTATE II FDO. INVEST. IMOB.;FII TRX R II;;TRXB;
URCA PRIME RENDA FUNDO DE INVESTIMENTO IMOBILIÁRIO;FII URCA REN;;URPR;
VALORA CRI ÍNDICE DE PREÇO FDO INVEST. IMOB. FII;FII VALORAIP;;VGIP;
VALORA HEDGE FUND FDO. INV. IMOB.;FII VALOR HE;;VGHF;
VALORA RE III FDO INV IMOB - FII;FII VALREIII;;VGIR;
VBI CONSUMO ESSEN FDO. INVEST. IMOB.;FII VBI CON;;EVBI;
VBI REITS FOF - FDO. INV. IMOB;FII VBI REIT;;RVBI;
VECTIS JUROS REAL FDO INV. IMOB. - FII;FII VECTIS;;VCJR;
VECTOR QUELUZ ATIVOS IMOB FDO INV IMOB;FII VQ LAJES;;VLJS;
VENUS - FUNDO DE INVESTIMENTO IMOBILIÁRIO;FII VENUS;;SALI;
VERSALHES RECEBÍVEIS IMOBILIÁRIOS - FDO. INV. IMOB;FII VERS CRI;;VSLH;
VIC DESENVOLVIMENTO VINTAGE 20/21 FUND INVEST IMOB;FII VIC DES;;VIDS;
VINCI INSTRUMENTOS FINANCEIROS FDO INV IMOB - FII;FII VINCI IF;;VIFI;
VINCI LOGÍSTICA FDO INV IMOB - FII;FII VINCILOG;;VILG;
VINCI OFFICES FDO INV IMOB;FII VINC COR;;VINO;
VINCI SHOPPING CENTERS FDO INVEST IMOB - FII;FII VINCI SC;;VISC;
VOTORANTIM SECURITIES MASTER FDO INV IMOB - FII;FII V MASTER;;VOTS;
VX XVI - FDO INV. IMOB.;FII VX XVI;;VXXV;
XP CORPORATE MACAÉ FDO INV IMOB - FII;FII XP MACAE;;XPCM;
XP CREDITO IMOBILIÁRIO - FDO INV IMOB;FII XP CRED;;XPCI;
XP HOTÉIS - FDO INV IMOB - FII;FII XP HOT;;XPHT;
XP INDUSTRIAL FDO INV IMOB - FII;FII XP INDL;;XPIN;
XP LOG FDO INV IMOB - FII;FII XP LOG;;XPLG;
XP MALLS FDO INV IMOB FII;FII XP MALLS;;XPML;
XP PROPERTIES FDO. INV. IMOB.;FII XP PROP;;XPPR;
XP SELECTION FDO DE FUNDOS INV IMOB - FII;FII XP SELEC;;XPSF;
YUCA FDO INV. IMOB.;FII YUCA;;YUFI;
ZION CAPITAL FUNDO DE INVESTIMENTO IMOBILIÁRIO FII;FII ZION;;ZIFI;
